INSERT INTO `bills` (`id`, `bill_number`, `seller`, `buyer`, `created_at`, `updated_at`, `deleted_at`) VALUES
(1, 'ONEYLOSF01332500', 'BK AGRO', 'KIỀU LOAN', NULL, NULL, NULL),
(2, 'ONEYLOSF01332501', 'BK AGRO', 'KIỀU LOAN', NULL, NULL, NULL),
(3, 'GOSULOS25005163', 'BK AGRO', 'KIỀU LOAN', NULL, NULL, NULL),
(4, 'GOSULOS25004850', 'BK AGRO', 'KIỀU LOAN', NULL, NULL, NULL),
(5, 'ONEYLOF701651900', 'BK AGRO', 'KIỀU LOAN', NULL, NULL, NULL),
(7, 'GOSULOS25005287', 'BK AGRO', 'KIỀU LOAN', NULL, NULL, NULL),
(6, 'ONEYLOSF01708500', 'BK AGRO', 'KIỀU LOAN', NULL, NULL, NULL),
(8, 'GOSULOS25005311', 'BK AGRO', 'KIỀU LOAN', NULL, NULL, NULL),
(9, 'ONEYLOSF02117700', 'BK AGRO', 'KIỀU LOAN', NULL, NULL, NULL),
(10, 'ONEYLOSF02091800', 'BK AGRO', 'KIỀU LOAN', NULL, NULL, NULL),
(11, 'ONEYLOSF02094400', 'BK AGRO', 'KIỀU LOAN', NULL, NULL, NULL),
(12, 'ONEYLOSF02149500', 'BK AGRO', 'KIỀU LOAN', NULL, NULL, NULL),
(13, 'ONEYLOSF02194500', 'BK AGRO', 'KIỀU LOAN', NULL, NULL, NULL),
(14, 'ONEYLOSF02148400', 'BK AGRO', 'KIỀU LOAN', NULL, NULL, NULL);

INSERT INTO `containers` (`id`, `bill_id`, `truck`, `container_number`, `quantity_of_bags`, `w_jute_bag`, `w_total`, `w_truck`, `w_container`, `w_gross`, `w_dunnage_dribag`, `w_tare`, `w_net`, `created_at`, `updated_at`, `deleted_at`) VALUES
(1, 1, NULL, 'ONEU5619273', 357, 1.0, 45900, 17420, NULL, 28480, NULL, 357, 28123, NULL, NULL, NULL),
(2, 1, NULL, 'TRHU4279171', 364, 1.0, 46380, 17930, NULL, 28450, NULL, 364, 28086, NULL, NULL, NULL),
(3, 1, NULL, 'FDCU0637642', 320, 1.0, 44550, 18050, NULL, 26500, NULL, 320, 26180, NULL, NULL, NULL),
(4, 1, NULL, 'FFAU6426043', 384, 1.0, 45240, 16840, NULL, 28400, NULL, 384, 28016, NULL, NULL, NULL),
(5, 2, NULL, 'ONEU5500638', 361, 1.0, 44130, 17420, NULL, 26710, NULL, 361, 26349, NULL, NULL, NULL),
(6, 2, NULL, 'TRHU8379116', 367, 1.0, 44140, 17380, NULL, 26760, NULL, 367, 26393, NULL, NULL, NULL),
(7, 2, NULL, 'FFAU1823135', 345, 1.0, 44610, 17920, NULL, 26690, NULL, 345, 26345, NULL, NULL, NULL),
(8, 2, NULL, 'ONEU1185266', 352, 1.0, 44940, 18240, NULL, 26700, NULL, 352, 26348, NULL, NULL, NULL),
(9, 4, NULL, 'JZPU8024096', 335, 1.0, 45460, 17000, NULL, 28460, NULL, 335, 28125, NULL, NULL, NULL),
(10, 3, NULL, 'JXLU6342377', 376, 1.0, 46460, 18040, NULL, 28420, NULL, 376, 28044, NULL, NULL, NULL),
(11, 3, NULL, 'GAOU7029141', 367, 1.0, 46420, 18020, NULL, 28400, NULL, 367, 28033, NULL, NULL, NULL),
(12, 4, NULL, 'JXLU4579755', 372, 1.0, 46100, 17630, NULL, 28470, NULL, 372, 28098, NULL, NULL, NULL),
(13, 4, NULL, 'ZCSU7877440', 348, 1.0, 46760, 18300, NULL, 28460, NULL, 348, 28112, NULL, NULL, NULL),
(14, 3, NULL, 'TEMU6798906', 359, 1.0, 47390, 18960, NULL, 28430, NULL, 359, 28071, NULL, NULL, NULL),
(15, 4, NULL, 'GAOU6038154', 349, 1.0, 45670, 17220, NULL, 28450, NULL, 349, 28101, NULL, NULL, NULL),
(16, 3, NULL, 'TCNU8780742', 375, 1.0, 46310, 17860, NULL, 28450, NULL, 375, 28075, NULL, NULL, NULL),
(17, 3, NULL, 'ZCSU7558930', 388, 1.0, 46070, 17490, NULL, 28580, NULL, 388, 28192, NULL, NULL, NULL),
(18, 3, NULL, 'JXLU4390381', 347, 1.0, 47560, 19130, NULL, 28430, NULL, 347, 28083, NULL, NULL, NULL),
(19, 3, NULL, 'BSIU9895584', 337, 1.0, 45830, 17370, NULL, 28460, NULL, 337, 28123, NULL, NULL, NULL),
(20, 5, NULL, 'TLLU4557290', 383, 1.0, 46420, 17970, NULL, 28450, NULL, 383, 28067, NULL, NULL, NULL),
(21, 5, NULL, 'ONEU1075572', 346, 1.0, 46020, 17590, NULL, 28430, NULL, 346, 28084, NULL, NULL, NULL),
(22, 5, NULL, 'FFAU6311722', 358, 1.0, 46470, 18070, NULL, 28400, NULL, 358, 28042, NULL, NULL, NULL),
(23, 7, NULL, 'DRYU9325308', 387, 1.0, 46850, 18420, NULL, 28430, NULL, 387, 28043, NULL, NULL, NULL),
(24, 7, NULL, 'TEMU6283747', 349, 1.0, 44360, 15900, NULL, 28460, NULL, 349, 28111, NULL, NULL, NULL),
(25, 5, NULL, 'ONEU5745610', 375, 1.0, 46690, 18270, NULL, 28420, NULL, 375, 28045, NULL, NULL, NULL),
(26, 7, NULL, 'TCNU6825339', 345, 1.0, 43340, 14910, NULL, 28430, NULL, 345, 28085, NULL, NULL, NULL),
(27, 7, NULL, 'UETU5765268', 360, 1.0, 44640, 16180, NULL, 28460, NULL, 360, 28100, NULL, NULL, NULL),
(28, 7, NULL, 'ZCSU7536079', 376, 1.0, 43080, 14670, NULL, 28410, NULL, 376, 28034, NULL, NULL, NULL),
(29, 7, NULL, 'TEMU7945982', 357, 1.0, 47080, 18590, NULL, 28490, NULL, 357, 28133, NULL, NULL, NULL),
(30, 7, NULL, 'TGBU5370615', 390, 1.0, 46870, 18440, NULL, 28430, NULL, 390, 28040, NULL, NULL, NULL),
(31, 6, NULL, 'TRHU4227901', 393, 1.0, 45970, 17480, NULL, 28490, NULL, 393, 28097, NULL, NULL, NULL),
(32, 6, NULL, 'TLLU5721367', 390, 1.0, 45910, 17490, NULL, 28420, NULL, 390, 28030, NULL, NULL, NULL),
(33, 6, NULL, 'TEMU8902814', 360, 1.0, 46530, 18080, NULL, 28450, NULL, 360, 28090, NULL, NULL, NULL),
(34, 6, NULL, 'ONEU1140934', 379, 1.0, 46310, 17890, NULL, 28420, NULL, 379, 28041, NULL, NULL, NULL),
(35, 6, NULL, 'TRHU4189611', 394, 1.0, 46680, 18220, NULL, 28460, NULL, 394, 28066, NULL, NULL, NULL),
(36, 8, NULL, 'TCNU7534810', 383, 1.0, 43640, 15190, NULL, 28450, NULL, 383, 28067, NULL, NULL, NULL),
(37, 8, NULL, 'BSIU9700701', 383, 1.0, 45700, 17250, NULL, 28450, NULL, 383, 28067, NULL, NULL, NULL),
(38, 6, NULL, 'TRHU7657969', 392, 1.0, 45320, 16870, NULL, 28450, NULL, 392, 28058, NULL, NULL, NULL),
(39, 6, NULL, 'TRHU4048716', 385, 1.0, 46390, 17990, NULL, 28400, NULL, 385, 28015, NULL, NULL, NULL),
(40, 8, NULL, 'JXLU4475848', 391, 1.0, 45930, 17530, NULL, 28400, NULL, 391, 28009, NULL, NULL, NULL),
(41, 8, NULL, 'ZCSU6852920', 372, 1.0, 45070, 16650, NULL, 28420, NULL, 372, 28048, NULL, NULL, NULL),
(42, 8, NULL, 'TLLU4586684', 390, 1.0, 45830, 17350, NULL, 28480, NULL, 390, 28090, NULL, NULL, NULL),
(43, 8, NULL, 'JXLU6320830', 368, 1.0, 44510, 16080, NULL, 28430, NULL, 368, 28062, NULL, NULL, NULL),
(44, 8, NULL, 'JXLU6229946', 361, 1.0, 46360, 17880, NULL, 28480, NULL, 361, 28119, NULL, NULL, NULL),
(45, 9, NULL, 'ONEU0731212', 369, 1.0, 45230, 16750, NULL, 28480, NULL, 369, 28111, NULL, NULL, NULL),
(46, 9, NULL, 'KKFU7846051', 368, 1.0, 43390, 14940, NULL, 28450, NULL, 368, 28082, NULL, NULL, NULL),
(47, 9, NULL, 'TRHU6635008', 354, 1.0, 46080, 17650, NULL, 28430, NULL, 354, 28076, NULL, NULL, NULL),
(48, 9, NULL, 'TRHU5179942', 371, 1.0, 46040, 17610, NULL, 28430, NULL, 371, 28059, NULL, NULL, NULL),
(49, 10, NULL, 'ONEU5932349', 396, 1.0, 46580, 18130, NULL, 28450, NULL, 396, 28054, NULL, NULL, NULL),
(50, 10, NULL, 'ONEU5135704', 373, 1.0, 46070, 17620, NULL, 28450, NULL, 373, 28077, NULL, NULL, NULL),
(51, 10, NULL, 'ONEU5540754', 352, 1.0, 45910, 17510, NULL, 28400, NULL, 352, 28048, NULL, NULL, NULL),
(52, 10, NULL, 'ONEU0534912', 380, 1.0, 46720, 18270, NULL, 28450, NULL, 380, 28070, NULL, NULL, NULL),
(53, 11, NULL, 'TCLU8909391', 368, 1.0, 46940, 18450, NULL, 28490, NULL, 368, 28122, NULL, NULL, NULL),
(54, 11, NULL, 'SEKU4409053', 378, 1.0, 46450, 18030, NULL, 28420, NULL, 378, 28042, NULL, NULL, NULL),
(55, 11, NULL, 'KKFU7970720', 377, 1.0, 44710, 16270, NULL, 28440, NULL, 377, 28063, NULL, NULL, NULL),
(56, 11, NULL, 'ONEU0219470', 356, 1.0, 43650, 15190, NULL, 28460, NULL, 356, 28104, NULL, NULL, NULL),
(57, 11, NULL, 'ONEU0860328', 375, 1.0, 43540, 15090, NULL, 28450, NULL, 375, 28075, NULL, NULL, NULL),
(58, 11, NULL, 'TRHU7794180', 374, 1.0, 44960, 16500, NULL, 28460, NULL, 374, 28086, NULL, NULL, NULL),
(59, 11, NULL, 'ONEU5538295', 360, 1.0, 47030, 18600, NULL, 28430, NULL, 360, 28070, NULL, NULL, NULL),
(60, 13, NULL, 'KKFU8114013', 358, 1.0, 45180, 16690, NULL, 28490, NULL, 358, 28132, NULL, NULL, NULL),
(61, 13, NULL, 'TRHU6999864', 350, 1.0, 42890, 14370, NULL, 28520, NULL, 350, 28170, NULL, NULL, NULL),
(62, 13, NULL, 'UETU5737055', 360, 1.0, 45960, 17430, NULL, 28530, NULL, 360, 28170, NULL, NULL, NULL),
(63, 13, NULL, 'TRHU7840141', 361, 1.0, 45040, 16460, NULL, 28580, NULL, 361, 28219, NULL, NULL, NULL),
(64, 13, NULL, 'ONEU0163508', 373, 1.0, 42680, 14180, NULL, 28500, NULL, 373, 28127, NULL, NULL, NULL),
(65, 13, NULL, 'ONEU0590304', 348, 1.0, 46770, 18270, NULL, 28500, NULL, 348, 28152, NULL, NULL, NULL),
(66, 12, NULL, 'TEMU8226962', 358, 1.0, 46470, 18070, NULL, 28400, NULL, 358, 28042, NULL, NULL, NULL),
(67, 12, NULL, 'ONEU5636795', 360, 1.0, 48080, 19600, NULL, 28480, NULL, 360, 28120, NULL, NULL, NULL),
(68, 12, NULL, 'ONEU0146985', 372, 1.0, 46820, 18400, NULL, 28420, NULL, 372, 28048, NULL, NULL, NULL),
(69, 12, NULL, 'BEAU5254469', 366, 1.0, 46270, 17840, NULL, 28430, NULL, 366, 28064, NULL, NULL, NULL),
(70, 12, NULL, 'ONEU0991267', 358, 1.0, 47400, 18920, NULL, 28480, NULL, 358, 28122, NULL, NULL, NULL),
(71, 12, NULL, 'ONEU5611098', 356, 1.0, 46570, 18090, NULL, 28480, NULL, 356, 28124, NULL, NULL, NULL),
(72, 12, NULL, 'GAOU6585716', 337, 1.0, 47280, 18730, NULL, 28550, NULL, 337, 28213, NULL, NULL, NULL),
(73, 14, NULL, 'TLLU5482977', 348, 1.0, 46520, 18000, NULL, 28520, NULL, 348, 28172, NULL, NULL, NULL),
(74, 14, NULL, 'ONEU1363516', 376, 1.0, 45850, 17410, NULL, 28440, NULL, 376, 28064, NULL, NULL, NULL),
(75, 14, NULL, 'ONEU0872972', 368, 1.0, 46620, 18170, NULL, 28450, NULL, 368, 28082, NULL, NULL, NULL),
(76, 14, NULL, 'ONEU0881362', 376, 1.0, 45850, 17410, NULL, 28440, NULL, 376, 28064, NULL, NULL, NULL);

INSERT INTO `cutting_tests` (`id`, `bill_id`, `container_id`, `type`, `moisture`, `sample_weight`, `nut_count`, `w_reject_nut`, `w_defective_nut`, `w_defective_kernel`, `w_good_kernel`, `w_sample_after_cut`, `outturn_rate`, `deleted_at`) VALUES
(3, 1.0, 1.0, 1, 10.0, 1000, 192, 49, 72, 21, 270, 995, 49.47, NULL),
(4, 1.0, 2.0, 1, 9.5, 1000, 196, 99, 111, 28, 240, 977, 44.8, NULL),
(5, 1.0, 3.0, 1, 10.8, 1000, 195, 115, 70, 22, 266, 977, 48.85, NULL),
(6, 1.0, 4.0, 1, 10.4, 1000, 195, 83, 67, 20, 253, 996, 46.38, NULL),
(11, 2.0, 6.0, 1, 9.6, 1000, 187, 57, 89, 24, 267, 996, 49.21, NULL),
(12, 2.0, 5.0, 1, 9.7, 1000, 203, 68, 102, 28, 257, 977, 47.8, NULL),
(14, 2.0, 7.0, 1, 10.0, 1000, 191, 122, 69, 18, 252, 977, 46.03, NULL),
(15, 1.0, NULL, 2, 10.0, 1000, 199, 84, 87, 23, 263, 977, 48.41, NULL),
(16, 2.0, 8.0, 1, 10.0, 1000, 191, 122, 69, 18, 252, 996, 46.03, NULL),
(17, 1.0, NULL, 2, 10.1, 1000, 185, 70, 99, 30, 256, 995, 47.8, NULL),
(18, 1.0, NULL, 2, 9.8, 1000, 196, 90, 109, 34, 250, 995, 47.09, NULL),
(19, 2.0, NULL, 2, 10.6, 1000, 200, 94, 94, 28, 255, 977, 47.44, NULL),
(20, 2.0, NULL, 2, 9.8, 1000, 197, 109, 102, 30, 247, 996, 46.21, NULL),
(21, 2.0, NULL, 2, 10.0, 1000, 199, 120, 80, 21, 251, 996, 46.12, NULL),
(22, 4.0, 9.0, 1, 9.6, 1000, 206, 73, 120, 34, 249, 996, 46.91, NULL),
(23, 4.0, 12.0, 1, 10.7, 1000, 191, 96, 133, 37, 236, 995, 44.89, NULL),
(24, 3.0, 11.0, 1, 11.2, 1000, 189, 55, 132, 37, 244, 995, 46.3, NULL),
(25, 3.0, 10.0, 1, 11.3, 1000, 189, 107, 112, 31, 237, 996, 44.53, NULL),
(26, 3.0, 14.0, 1, 10.8, 1000, 191, 83, 95, 25, 262, 996, 48.41, NULL),
(27, 4.0, 13.0, 1, 10.2, 1000, 195, 101, 123, 34, 240, 996, 45.33, NULL),
(28, 4.0, 13.0, 1, 10.2, 1000, 184, 107, 161, 44, 227, 995, 43.92, NULL),
(29, 3.0, 14.0, 1, 9.3, 1000, 198, 81, 152, 42, 229, 996, 44.09, NULL),
(30, 4.0, 15.0, 1, 9.8, 1000, 180, 85, 101, 25, 257, 977, 47.53, NULL),
(31, 4.0, NULL, 2, 9.7, 1000, 190, 69, 100, 26, 257, 995, 47.62, NULL),
(32, 4.0, NULL, 2, 9.7, 1000, 206, 90, 134, 37, 240, 996, 45.59, NULL),
(33, 4.0, NULL, 2, 9.6, 1000, 197, 106, 128, 33, 234, 995, 44.18, NULL),
(34, 3.0, 17.0, 1, 9.9, 1000, 192, 70, 112, 35, 255, 996, 48.06, NULL),
(35, 3.0, 16.0, 1, 9.0, 1000, 205, 131, 80, 22, 240, 996, 44.27, NULL),
(36, 3.0, NULL, 2, 9.9, 1000, 199, 70, 94, 28, 259, 977, 48.15, NULL),
(37, 3.0, 19.0, 1, 10.7, 1000, 194, 58, 114, 33, 248, 995, 46.65, NULL),
(38, 3.0, 18.0, 1, 9.7, 1000, 200, 88, 100, 30, 245, 996, 45.86, NULL),
(39, 3.0, NULL, 2, 9.9, 1000, 201, 120, 97, 29, 236, 977, 44.18, NULL),
(40, 3.0, NULL, 2, 10.0, 1000, 196, 110, 123, 33, 233, 996, 44.0, NULL),
(41, 5.0, 22.0, 1, 9.1, 1000, 174, 46, 111, 31, 268, 995, 50.0, NULL),
(42, 5.0, 21.0, 1, 9.2, 1000, 171, 36, 113, 32, 266, 996, 49.74, NULL),
(43, 5.0, 20.0, 1, 8.7, 1000, 207, 73, 102, 28, 259, 996, 48.15, NULL),
(44, 5.0, NULL, 2, 9.3, 1000, 179, 43, 86, 25, 263, 995, 48.59, NULL),
(45, 5.0, NULL, 2, 9.5, 1000, 191, 77, 87, 24, 260, 996, 47.97, NULL),
(46, 5.0, NULL, 2, 9.5, 1000, 194, 73, 128, 39, 250, 977, 47.53, NULL),
(47, 5.0, 25.0, 1, 9.6, 1000, 189, 79, 115, 33, 254, 996, 47.71, NULL),
(48, 7.0, 24.0, 1, 10.1, 1000, 194, 130, 81, 22, 243, 977, 44.8, NULL),
(49, 7.0, 23.0, 1, 9.7, 1000, 204, 125, 82, 21, 240, 996, 44.18, NULL),
(50, 7.0, 27.0, 1, 9.1, 1000, 175, 78, 61, 18, 270, 977, 49.21, NULL),
(51, 7.0, 26.0, 1, 9.4, 1000, 182, 112, 96, 27, 240, 995, 44.71, NULL),
(52, 7.0, 28.0, 1, 8.9, 1000, 179, 79, 90, 27, 250, 977, 46.47, NULL),
(53, 7.0, 29.0, 1, 9.5, 1000, 188, 84, 64, 17, 261, 996, 47.53, NULL),
(54, 7.0, NULL, 2, 9.8, 1000, 184, 74, 75, 20, 261, 995, 47.8, NULL),
(55, 7.0, NULL, 2, 9.5, 1000, 177, 88, 80, 23, 252, 995, 46.47, NULL),
(56, 7.0, 30.0, 1, 9.0, 1000, 184, 86, 92, 28, 255, 995, 47.44, NULL),
(57, 7.0, NULL, 2, 9.4, 1000, 207, 104, 112, 32, 245, 996, 46.03, NULL),
(58, 6.0, 31.0, 1, 9.6, 1000, 191, 85, 114, 31, 241, 996, 45.24, NULL),
(59, 6.0, 32.0, 1, 10.3, 1000, 188, 120, 112, 34, 236, 996, 44.62, NULL),
(60, 6.0, 32.0, 1, 10.3, 1000, 184, 120, 115, 32, 237, 995, 44.62, NULL),
(61, 6.0, 33.0, 1, 10.1, 1000, 199, 84, 47, 15, 278, 996, 50.35, NULL),
(62, 6.0, 34.0, 1, 10.4, 1000, 189, 100, 113, 31, 240, 995, 45.06, NULL),
(63, 6.0, 35.0, 1, 9.3, 1000, 191, 156, 129, 42, 228, 995, 43.92, NULL),
(64, 6.0, 35.0, 1, 9.1, 1000, 185, 153, 129, 41, 226, 977, 43.47, NULL),
(65, 8.0, 36.0, 1, 9.4, 1000, 207, 115, 116, 35, 232, 977, 44.0, NULL),
(66, 8.0, 37.0, 1, 9.7, 1000, 206, 119, 137, 39, 226, 995, 43.3, NULL),
(67, 6.0, NULL, 2, 9.3, 1000, 194, 105, 122, 37, 241, 996, 45.77, NULL),
(68, 6.0, 38.0, 1, 9.5, 1000, 199, 100, 146, 45, 232, 996, 44.89, NULL),
(69, 6.0, NULL, 2, 9.5, 1000, 190, 107, 117, 35, 240, 995, 45.41, NULL),
(70, 6.0, 39.0, 1, 9.2, 1000, 194, 151, 77, 23, 241, 995, 44.53, NULL),
(71, 6.0, NULL, 2, 9.4, 1000, 194, 132, 139, 42, 223, 977, 43.03, NULL),
(72, 8.0, 40.0, 1, 10.0, 1000, 181, 113, 99, 28, 240, 996, 44.8, NULL),
(73, 8.0, 41.0, 1, 9.9, 1000, 201, 129, 126, 37, 235, 977, 44.71, NULL),
(74, 8.0, 42.0, 1, 10.0, 1000, 183, 152, 62, 20, 246, 977, 45.15, NULL),
(75, 8.0, 44.0, 1, 9.8, 1000, 186, 155, 111, 31, 224, 995, 42.24, NULL),
(76, 8.0, 43.0, 1, 10.3, 1000, 191, 168, 119, 36, 216, 996, 41.27, NULL),
(77, 8.0, NULL, 2, 9.6, 1000, 198, 120, 134, 38, 231, 977, 44.09, NULL),
(78, 8.0, NULL, 2, 9.4, 1000, 200, 159, 86, 26, 231, 996, 43.03, NULL),
(79, 8.0, NULL, 2, 9.5, 1000, 193, 164, 120, 35, 225, 996, 42.77, NULL),
(80, 9.0, 46.0, 1, 9.9, 1000, 174, 61, 73, 20, 259, 977, 47.44, NULL),
(81, 9.0, 45.0, 1, 10.6, 1000, 173, 89, 78, 22, 247, 977, 45.5, NULL),
(82, 9.0, NULL, 2, 10.1, 1000, 182, 110, 70, 21, 250, 995, 45.94, NULL),
(83, 9.0, 47.0, 1, 10.0, 1000, 175, 85, 96, 30, 252, 996, 47.09, NULL),
(84, 9.0, 48.0, 1, 9.8, 1000, 193, 86, 127, 37, 246, 977, 46.65, NULL),
(85, 9.0, NULL, 2, 9.9, 1000, 181, 110, 95, 28, 240, 996, 44.8, NULL),
(86, 9.0, NULL, 2, 10.1, 1000, 176, 91, 96, 26, 241, 977, 44.8, NULL),
(87, 10.0, NULL, 2, 9.9, 1000, 180, 131, 61, 18, 247, 977, 45.15, NULL),
(88, 10.0, NULL, 2, 9.8, 1000, 179, 150, 63, 19, 245, 996, 44.89, NULL),
(89, 10.0, 51.0, 1, 9.8, 1000, 183, 72, 124, 37, 247, 977, 46.83, NULL),
(90, 10.0, 49.0, 1, 9.7, 1000, 188, 113, 93, 28, 246, 977, 45.86, NULL),
(91, 10.0, 52.0, 1, 10.1, 1000, 176, 115, 86, 24, 247, 996, 45.68, NULL),
(92, 10.0, 50.0, 1, 9.7, 1000, 188, 158, 76, 24, 236, 995, 43.74, NULL),
(93, 10.0, NULL, 2, 9.7, 1000, 186, 152, 103, 29, 228, 995, 42.77, NULL),
(94, 11.0, 56.0, 1, 10.3, 1000, 173, 105, 105, 34, 249, 977, 46.91, NULL),
(95, 11.0, 55.0, 1, 9.6, 1000, 193, 96, 95, 30, 250, 977, 46.74, NULL),
(96, 11.0, 53.0, 1, 9.3, 1000, 187, 99, 130, 38, 239, 977, 45.5, NULL),
(97, 11.0, 54.0, 1, 9.3, 1000, 192, 155, 90, 23, 233, 977, 43.12, NULL),
(98, 11.0, 58.0, 1, 9.5, 1000, 193, 108, 106, 32, 242, 996, 45.5, NULL),
(99, 11.0, 57.0, 1, 9.1, 1000, 193, 99, 104, 32, 241, 995, 45.33, NULL),
(100, 11.0, 59.0, 1, 9.8, 1000, 179, 118, 142, 40, 226, 996, 43.39, NULL),
(101, 11.0, NULL, 2, 9.9, 1000, 182, 114, 104, 32, 242, 995, 45.5, NULL),
(102, 11.0, NULL, 2, 9.8, 1000, 187, 111, 104, 32, 241, 995, 45.33, NULL),
(103, 11.0, NULL, 2, 9.7, 1000, 182, 106, 117, 35, 239, 995, 45.24, NULL),
(104, 12.0, 69.0, 1, 9.3, 1000, 183, 89, 64, 17, 252, 995, 45.94, NULL),
(105, 13.0, 60.0, 1, 9.3, 1000, 185, 132, 68, 22, 245, 996, 45.15, NULL),
(106, 12.0, 70.0, 1, 9.1, 1000, 191, 130, 89, 25, 242, 977, 44.89, NULL),
(107, 12.0, 68.0, 1, 9.2, 1000, 203, 98, 184, 57, 223, 996, 44.36, NULL),
(108, 12.0, 67.0, 1, 10.4, 1000, 186, 128, 87, 25, 234, 995, 43.47, NULL),
(109, 12.0, 66.0, 1, 9.8, 1000, 192, 144, 117, 31, 219, 977, 41.36, NULL),
(110, 12.0, NULL, 2, 9.5, 1000, 183, 97, 111, 33, 234, 977, 44.18, NULL),
(111, 12.0, NULL, 2, 9.7, 1000, 191, 103, 101, 28, 236, 977, 44.09, NULL),
(112, 13.0, 62.0, 1, 9.6, 1000, 181, 59, 122, 32, 255, 995, 47.8, NULL),
(113, 13.0, 61.0, 1, 9.8, 1000, 185, 57, 103, 30, 254, 995, 47.44, NULL),
(114, 12.0, 72.0, 1, 9.9, 1000, 184, 109, 91, 26, 248, 977, 46.03, NULL),
(115, 12.0, 71.0, 1, 10.2, 1000, 206, 117, 122, 33, 231, 977, 43.65, NULL),
(116, 12.0, NULL, 2, 9.4, 1000, 194, 129, 118, 31, 229, 977, 43.12, NULL),
(117, 13.0, 64.0, 1, 10.2, 1000, 180, 71, 90, 24, 248, 996, 45.86, NULL),
(118, 13.0, 63.0, 1, 11.0, 1000, 172, 68, 151, 40, 231, 977, 44.27, NULL),
(119, 13.0, 65.0, 1, 10.3, 1000, 199, 88, 165, 48, 223, 996, 43.56, NULL),
(120, 13.0, NULL, 2, 10.2, 1000, 188, 83, 119, 35, 241, 995, 45.59, NULL),
(121, 13.0, NULL, 2, 10.2, 1000, 185, 99, 88, 26, 243, 977, 45.15, NULL),
(122, 13.0, NULL, 2, 10.2, 1000, 191, 135, 65, 18, 245, 977, 44.8, NULL),
(123, 14.0, 73.0, 1, 9.3, 1000, 184, 90, 81, 23, 251, 977, 46.3, NULL),
(124, 14.0, 74.0, 1, 10.1, 1000, 181, 124, 133, 40, 226, 995, 43.39, NULL),
(125, 14.0, 75.0, 1, 10.1, 1000, 169, 152, 141, 40, 217, 977, 41.8, NULL),
(126, 14.0, NULL, 2, 9.2, 1000, 182, 104, 112, 31, 246, 996, 46.12, NULL),
(127, 14.0, NULL, 2, 9.2, 1000, 167, 94, 129, 39, 240, 995, 45.77, NULL),
(128, 14.0, NULL, 2, 9.1, 1000, 169, 114, 169, 50, 216, 977, 42.5, NULL),
(129, 14.0, 76.0, 1, 8.8, 1000, 181, 83, 180, 56, 229, 996, 45.33, NULL);

